{"cameraMode":{"drawMode":0,"name":"Shaded","section":"Shading Mode"},"sceneLighting":true,"audioPlay":false,"sceneViewState":{"m_AlwaysRefresh":false,"showFog":true,"showSkybox":true,"showFlares":true,"showImageEffects":true,"showParticleSystems":true,"showVisualEffectGraphs":true,"m_FxEnabled":true},"in2DMode":false,"pivot":{"x":-1.1148526668548585,"y":12.727312088012696,"z":-36.78333282470703},"rotation":{"x":0.11820002645254135,"y":0.023836728185415269,"z":-0.002808419754728675,"w":0.9927748441696167},"size":3.067129611968994,"orthographic":true}