{"cameraMode":{"drawMode":0,"name":"Shaded","section":"Shading Mode"},"sceneLighting":false,"audioPlay":false,"sceneViewState":{"m_AlwaysRefresh":false,"showFog":true,"showSkybox":false,"showFlares":true,"showImageEffects":true,"showParticleSystems":true,"showVisualEffectGraphs":true,"m_FxEnabled":true},"in2DMode":false,"pivot":{"x":6.249999523162842,"y":0.062499649822711948,"z":-6.249999523162842},"rotation":{"x":-0.1253398209810257,"y":-0.33322980999946597,"z":-0.04480263218283653,"w":0.9334287643432617},"size":0.8660253882408142,"orthographic":true}